,Total Tasks,Recall@1,Recall@5,IEuc,Tokens (Mean),Tokens (Total),Score_Combinado
10_last,143.0,0.02097902097902098,0.1048951048951049,0.21737204120265546,1067.0349650349651,152586.0,0.10507175222093648
week,143.0,0.0,0.027972027972027972,0.1301477802749518,519.7342657342657,74322.0,0.04743594247409393
month,143.0,0.006993006993006993,0.04895104895104895,0.17228546639735046,581.0979020979021,83097.0,0.06916815740172261
